BookID,Name,Author,Category,Cover,Review,Price,UnitsInStock,UnitsOnOrder,Virtual,Owner
1,Ngày xưa có một con bò,,,,,,1,0,,Huỳnh Lợi
2,Khoảng cách từ nói đến làm,,,,,,1,0,,Huỳnh Lợi
3,Phát huy giá trị,Dale Carnergie,,,,,1,0,,Huỳnh Lợi
4,Khi hơi thở hóa thinh không,,,,,,1,0,,Huỳnh Lợi
5,Tôi và Paris - Câu chuyện một dòng sông,,,,,,1,0,,Huỳnh Lợi
6,Tìm đường tuổi 20,,,,,,1,0,,Huỳnh Lợi
7,Sống như ngày mai bạn sẽ chết,,,,,,1,0,,Huỳnh Lợi
8,Code dạo kí sự,Phạm Huy Hoàng,,,,,1,0,,Huỳnh Lợi
9,Chiến thắng con quỷ trong bạn,,,,,,1,0,,Huỳnh Lợi
10,Làm chủ tuổi 20,Dương Duy Bách,,,,,1,0,,Huỳnh Lợi
11,Từ ghế nhà trường đến giảng đường đại học,,,,,,1,0,,Huỳnh Lợi
12,Đúng việc,Giản Tư Trung,,,,,1,0,,Huỳnh Lợi
13,Nhà giả kim,,,,,,1,0,,Huỳnh Lợi
14,Hành trình đi tìm chân ngã,,,,,,1,0,,Huỳnh Lợi
15,Người đua diều,Khaled Hosseini,Tiểu thuyết,,,,1,0,,Kim Phượng
16,Ngàn mặt trời rực rỡ,Khaled Hosseini,Tiểu thuyết,,,,1,0,,Kim Phượng
17,Và rồi núi vọng,Khaled Hosseini,Tiểu thuyết,,,,1,0,,Kim Phượng
18,Harry Potter và Hoàng tử lai - Tập 6,J.K Rowling,Tiểu thuyết,,,,1,0,,Kim Phượng
19,Bob chú mèo đường phố,James Bowen,Tiểu thuyết,,,,1,0,,Kim Phượng
20,Kẻ trộm sách,Markus Zusak,Tiểu thuyết,,,,1,0,,Kim Phượng
21,Người trộm bóng,Marc Levy,Tiểu thuyết,,,,1,0,,Kim Phượng
22,Giết con chim nhại,Harper Lee,Tiểu thuyết,,,,1,0,,Kim Phượng
23,Bắt trẻ đồng xanh,J. D. Salinger,Tiểu thuyết,,,,1,0,,Kim Phượng
24,Nghìn lẻ một đêm ( Tập 1 + Tập 2),Antoine Galland,Tiểu thuyết,,,,1,0,,Kim Phượng
25,Cây chuối non đi giày xanh,Nguyễn Nhật Ánh,Truyện ngắn,,,,1,0,,Kim Phượng
26,Hồi ký Hillary Clinton,Hillary Clinton,Hồi ký,,,,1,0,,Kim Phượng
27,Plato và con thú mỏ vịt bước vào quán bar,Thomas Cathcart & Daniel Klein,Triết học,,,,1,0,,Kim Phượng
28,Chính trị luận,Aristotle,Triết học,,,,1,0,,Kim Phượng
29,Phải trái đúng sai,Michael Sandel,Khoa học,,,,1,0,,Kim Phượng
30,Zero to One,Peter Thiel,Kinh tế,,,,1,0,,Kim Phượng
31,Tuổi trẻ đáng giá bao nhiêu,Rosie Nguyen,Self-help,,,,1,0,,Kim Phượng
32,Ba người thầy vĩ đại,Robin Sharma,Self-help,,,,1,0,,Kim Phượng
33,Fantastic beasts and where to find them,J.K Rowling,Hogwarts Library Book,,,,1,0,,Kim Phượng
34,Sức hấp dẫn của nhà quản trị,D.A.Benton,Kinh tế,,,,1,0,,Hoàng Tuấn
35,Ở lại thành phố hay về quê,Mèo Maverick,Self-help,,,,1,0,,Văn Hiếu
36,Sử Việt - 12 khúc tráng ca,Dũng Phan,Lịch sử,,,,1,0,,Văn Hiếu
37,Khác biệt để bứt phá - Rework,"Jason Fried, David Heinemeier Hansson",Kinh tế,,,,1,0,,Văn Hiếu
38,Một đời thương thuyết,Phan Văn Trường,Kinh tế,,,,1,0,,Văn Hiếu
39,Bộ sách Tâm lý đạo đức (3 cuốn),TT. Thích Chân Quang,Tâm lý học,,,,1,0,,Văn Hiếu
40,Nếu tôi biết được khi còn 20,Tina Seelig,,,,,1,0,,Như Hoa
41,Cửa tiệm của những lá thư,Yaushi kitagawa,,,,,1,0,,Như Hoa
42,Mình nói gì khi nói về hạnh phúc,Rosie Nguyễn,,,,,1,0,,Như Hoa
43,Những tháng ngày chỉ biết rong chơi,Nguyễn Phước Huy,,,,,1,0,,Như Hoa
44,Bài giảng cuối cùng,Randy Pausch,,,,,1,0,,Như Hoa
45,10 giá trị cốt lõi của thành công,Trần Đình Hoàng,,,,,1,0,,Như Hoa
46,Thật đơn giản quản lí dự án,Stephen Barker & Rob Cole,,,,,1,0,,Như Hoa
47,Trên đường băng,Tony Buổi sáng,,,,,1,0,,Như Hoa
48,Tìm đường tuổi 20s,Trần Thị Thùy Trang,,,,,1,0,,Như Hoa
49,Một cuốn sách về chủ nghia tối giản,Chi Nguyễn,,,,,1,0,,Như Hoa
50,Mình nói gì khi nói về CHẠY BỘ,,,,,,1,0,,LƯƠNG NGUYỄN
52,Lối sống tối giản của người Nhật,Sasaki Fumio,Self-help,,,,1,0,,Vũ Anh Hào
53,"Nghĩ đơn giản, sống đơn thuần",Tolly Burkan,Self-help,,,,1,0,,Vũ Anh Hào
54,Thế Giới Phẳng (Tái bản 2006),Thomas Friedman,,,,,1,0,,Vũ Thuận
55,Đừng Bao Giờ Đi Ăn Một Mình,Keith Ferrazzi,,,,,1,0,,Vũ Thuận
56,Đồi Gió Hú,Emily Brontë,,,,,1,0,,Vu Thuận
57,Đừng bao giờ đi ăn một mình,Keith Ferrazzi và Tahl Raz,Self-help,,,,1,0,,Quỳnh Đỗ
58,Tuổi trẻ đáng giá bao nhiêu,Roise Nguyễn,Self-help,,,,1,0,,Quỳnh Đỗ
59,Mình nói gì về hạnh phúc,Roise Nguyễn,Self-help,,,,1,0,,Quỳnh Đỗ
60,Nhà giả kim,Paulo Coelho,,,,,1,0,,Quỳnh Đỗ
61,7 thói quen của bạn trẻ thành đạt,Sean Covey,Self-help,,,,1,0,,Quỳnh Đỗ
62,Dù con sống thế nào mẹ cũng luôn ủng hộ con,Gong Gi Young,,,,,1,0,,Quỳnh Đỗ
63,Rồi một ngày cuộc sống hóa hư vô,Hideko Suzuki,,,,,1,0,,Quỳnh Đỗ
64,Mây,Nguyễn Bảo Trung,,,,,1,0,,Quỳnh Đỗ
65,Một lít nước mắt,Kitto Aya,Tiểu thuyết,,,,1,0,,Quỳnh Đỗ
66,Cảm xúc là kẻ thù số một của thành công,Lê Thẩm Dương,Self-help,,,,1,0,,Quỳnh Đỗ
67,Khi hơi thở hóa thinh không,Paul Kalanithi,Tiểu thuyết,,,,1,0,,Quỳnh Đỗ
68,Xuân Yến,An Ni Bảo Bối,Tiểu thuyết,,,,1,0,,Quỳnh Đỗ
69,Bản có phải cá hồi chum không?,An Nhã Ninh,Tâm lý học,,,,1,0,,Quỳnh Đỗ
70,Giết con chim nhại,Harper Lee,Tiểu thuyết,,,,1,0,,Quỳnh Đỗ
71,Khéo ăn nói sẽ có được thiên hạ,Trác Nhã,Self-help,,,,1,0,,Quỳnh Đỗ
72,Thời thơ ấu,Maxim Gorky,Tự truyện,,,,1,0,,Đình Tạo
73,Trên đường băng,Tony buổi sáng,,,,,1,0,,Đình Tạo
74,Hạt giống tâm hồn: Cho một khởi đầu mới,Nhiều tác giả,,,,,1,0,,Đình Tạo
75,Hạt giống tâm hồn: Sống với ước mơ,Nhiều tác giả,,,,,1,0,,Đình Tạo
76,Hạt giống yêu đời,Robert Fulghum,,,,,1,0,,Đình Tạo
77,Chuyện con mèo dạy hải âu bay,Luis Sepúlveda,Truyện,,,,1,0,,Đình Tạo
78,Bắt trẻ đồng xanh,J.D.Salinger,Tiểu thuyết,,,,1,0,,Đình Tạo
79,Hạt giống tâm hồn dành cho sinh viên,Jack Canfield-Mark Victor Hansen,,,,,1,0,,Đình Tạo
80,Nana du kí,Arikawa Hiro,Tiểu thuyết,,,,1,0,,Đình Tạo
81,Bí mật của may mắn,Alex Rovira-Fernando Trias de Bes,,,,,1,0,,Đình Tạo
82,Điều kì diệu của tiệm tạp hóa Namiya,Higashino Keigo,Tiểu thuyết,,,,1,0,,Đình Tạo
83,Con chó nhỏ mang giỏ hoa hồng,Nguyễn Nhật Ánh,Truyện,,,,1,0,,Đình Tạo
84,Cho tôi một vé đi tuổi thơ,Nguyễn Nhật Ánh,Truyện,,,,1,0,,Đình Tạo
85,Sự sụp đổ của northern rock,Brian Walters,Kinh tế,,,,1,0,,Đình Tạo
86,7 thói quen để thành đạt,Stepen R. Covey,Self-help,,,,1,0,,Long
87,Nhập môn tư duy thiết kế,Lisa Graham,Thiết kế,,,,1,0,,Long
88,Nghĩ giàu làm giàu,Napoleon Hill,Self-help,,,,1,0,,Long
89,Khám phá sức mạnh bản thân,Gillian Stokes,Self-help,,,,1,0,,Long
90,Để làm nên sự nghiệp,H.N Casson,Self-help,,,,1,0,,Long
91,Cà phê cùng Tony,,,,,,1,0,,Long
92,Trên đường băng,,,,,,1,0,,Long
93,Sapiens - A brief history of humankind,Yuval Noah Harari,Khoa học,,,,1,0,,Long
94,Đi vào nghiên cứu khoa học,Nguyễn Văn Tuấn,Khoa học,,,,1,0,,Long
95,Đắc nhân tâm,Dale Carregie,Self-help,,,,1,0,,Long
96,Hành trình về phương Đông,Baird T.Spalding,,,,,1,0,,Long
97,Chú bé mang Pyjama sọc,John Boyne,"Tiểu thuyết, truyện",,,,1,0,,Trọng Hiếu
98,Hồ,Banana Yoshimoto,"Tiểu thuyết, truyện",,,,1,0,,Trọng Hiếu
99,Cuộc gặp gỡ mùa hè,Takashi Hiraide,"Tiểu thuyết, truyện",,,,1,0,,Trọng Hiếu
100,Tam thể,Lưu Từ Hân,"Tiểu thuyết, truyện",,,,1,0,,Trọng Hiếu
101,Đúng việc,Giản Tư Trung,Self-help,,,,1,0,,Trọng Hiếu
102,Nhà giả kim,Paulo Coelho,"Tiểu thuyết, truyện",,,,1,0,,Trọng Hiếu
103,Organ mùa XUÂN,Kazumi Yumoto,"Tiểu thuyết, truyện",,,,1,0,,Trọng Hiếu
104,Khu vườn mùa HẠ,Kazumi Yumoto,"Tiểu thuyết, truyện",,,,1,0,,Trọng Hiếu
105,Mùa THU của cây dương,Kazumi Yumoto,"Tiểu thuyết, truyện",,,,1,0,,Trọng Hiếu
106,Kỹ thuật lập trình,Trần Đan Thư,Chuyên ngành IT,,,,1,0,,Trọng Hiếu
107,Đọc sách siêu tốc,,Self-helf,,,,1,0,,Văn Trí
108,Chiến Lược Đại Dương Xanh,,Kinh tế,,,,1,0,,Văn Trí
109,Từ tốt đến vĩ đại,,Kinh tế,,,,1,0,,Văn Trí
110,Sát thủ kinh tế,,Kinh tế,,,,1,0,,Văn Trí
111,Thế giới phẳng,,Kinh tế,,,,1,0,,Văn Trí
112,Kinh tế học hài hước,,Kinh tế,,,,1,0,,Văn Trí
113,Đô la hay lá nho,,Kinh tế,,,,1,0,,Văn Trí
114,Người thông minh học tập như thế nào,,Self-helf,,,,1,0,,Văn Trí
115,Thám tử kinh tế,,Kinh tế,,,,1,0,,Văn Trí
116,Kẻ trăn trở,,"Kinh tế, Chính trị xã hội",,,,1,0,,Văn Trí
117,MBA cơ bản,,Kinh tế,,,,1,0,,Văn Trí
118,Khuyến học,,Kinh tế,,,,1,0,,Văn Trí
119,Quốc gia khởi nghiệp,,Kinh tế,,,,1,0,,Văn Trí
120,Bố già,,Tiểu thuyết,,,,1,0,,Văn Trí
121,95 bài toán lập trình Java hay và khó,,Tiểu thuyết,,,,1,0,,Văn Trí
122,Lập trình Java 2,,Tiểu thuyết,,,,1,0,,Văn Trí
123,Cơ sở dữ liệu,,Tiểu thuyết,,,,1,0,,Văn Trí
124,Hệ cơ sở dữ liệu,,Tiểu thuyết,,,,1,0,,Văn Trí
125,Thiên thần và ác quỷ,Dan Brown,Tiểu thuyết,,,,1,0,,Hương
126,Cô gái trên tàu,Paula Hawkins,Tiểu thuyết,,,,1,0,,Hương
127,All you need is kill,Hiroshi Sakurazaka,Light Novel,,,,1,0,,Hương
128,Fate/Zero,Nitroplus,Light Novel,,,,1,0,,Hương
129,Tactics for listening (developing),C. Richards,Tiếng Anh,,,,1,0,,Hương
130,Ship or Sheep,Ann Baker,Tiếng Anh,,,,1,0,,Hương
131,Complete IELTS (Band 4-5),,Tiếng Anh,,,,1,0,,Hương
132,TOEFL iBT,,,,,,,,,
133,Cẩm nang tự học IELTS,,,,,,,,,
134,TOEFL Junior Reading,,,,,,,,,
135,TOEFL Junior Listening,,,,,,,,,
136,Adventure at the castle 10b,,,,,,,,,
137,62 tình huống giao tiếp tiếng Anh qua tranh,,,,,,,,,
138,CHÍNH XÁC,,,,,,,,,
139,Lập trình Symbolic trong Trí tuệ nhân tạo,,,,,,,,,
140,Nhập môn về kĩ thuật,,,,,,,,,
141,ELON MUSK,Ashlee Vance,,,,,,,,
142,I-VAN TUÔC GHÊ-NHÉP,N.Bôgôxlốpxki ,,,,,,,,
143,Mozart,Gil Ji Yeon - Choi Young Ran ,,,,,,,,
144,Quê hương và gia thế của chủ tịch Hồ Chí Minh,Trần Minh Siêu,,,,,,,,
145,Võ Văn Kiệt trong lòng trí thức,,,,,,,,,
146,Bác Hồ con người và phong cách,Nguyễn Văn Khoan,,,,,,,,
147,Hành trình thời gian,,,,,,,,,
148,Chiến tranh và hòa bình,Leo Tolstoy,,,,,,,,
149,Thề ước thầm lặng,Catherine Bybee,,,,,,,,
150,Lục tiểu linh đồng - Tập 1,Lục Tiểu Linh Đồng,,,,,,,,
151,Thơ văn Hồ Chí Minh,,,,,,,,,
152,Bơ đi mà sống,Mèo Xù,,,,,,,,
153,Bài học đầu tiên,Trần Thị Hồng Hạnh,,,,,,,,
154,Danh ngôn thế giới,Kim Dung,,,,,,,,
155,Xin hãy cho con thêm thời gian,Tố Oanh và nhiều tác giả,,,,,,,,
156,Chiếc đồng hồ cúc cu,,,,,,,,,
157,Chúng ta rồi sẽ ổn thôi,Gào - Minh Nhật,,,,,,,,
158,Em độc thân em kiêu hãnh,Tuệ Nhi,,,,,,,,
159,A beautiful bad girl,Thùy Chi,,,,,,,,
160,Cô bé Fadette,George Sand,,,,,,,,
161,Tiếng chim hót trong bụi mận gai 1,Colleen McCullough,,,,,,,,
162,Những giấc mơ xanh,Nguyễn Công Kiệt,,,,,,,,
163,Lối đi ngay dưới chân mình,Nguyễn Lê My Hoàn,,,,,,,,
164,Vang bóng một thời,Nguyễn Tuân,,,,,,,,
165,Ngày trôi về phía cũ,Anh Khang,,,,,,,,
166,Ba chàng ngốc,Chetan Bhagat,,,,,,,,
167,Trở về EDEN,Rosalind Miles,,,,,,,,
168,Nhà thờ Đưc bà PARIS,Victor Hugo,,,,,,,,
169,Nhà Giả Kim,Paulo Coelho,,,,,,,,
170,Tôi nghĩ tôi thích nước Mỹ,Dương Thụy,,,,,,,,
171,Quà tặng của cuộc sống,Nhiều tác giả,,,,,,,,
172,Chiếc áo lặn và con bướm,Jean Dominique Bauby,,,,,,,,
173,Trui rèn trong Biển Đỏ,,,,,,,,,
174,Tình bạn,,,,,,,,,
175,Tôội lỗi dưới ánh mặt trời,Agatha Christie,,,,,,,,
176,Bí ẩn về con chó lúc nủa đêm,Mark Haddon.,,,,,,,,
177,Rừng NaUy,Haruki Murakami,,,,,,,,
178,Cuộc chiến tranh bắt buộc,Theo Lao Động,,,,,,,,
179,5 tuần trên kinh khí cầu,Jules Verne,,,,,,,,
180,Một câu chuyện chán đời buồn cười,Ned Vizzini,,,,,,,,
181,Trí thức Nam Bộ,,,,,,,,,
182,3 người lính ngự lâm,Alexander Dumas,,,,,,,,
183,Sẽ có cách đừng lo,Tuệ Nghi,,,,,,,,
184,Dường cái quan bút kí,Bùi Quang Đạt,,,,,,,,
185,Tình dại khờ,Ngũ Mỹ Trân,,,,,,,,
186,Mây chiều,,,,,,,,,
187,Hãy can đảm và tốt bụng,Nhiều Tác Giả,,,,,,,,
188,Câu chuyện cà phê,,,,,,,,,
189,Thư giãn cuối tuần,Nhiều Tác Giả,,,,,,,,
190,Lịch sử Việt Nam bằng tranh,Trần Bạch Đằng,,,,,,,,
191,25 năm tôi làm việc ở CIA,Ralph W. McGehee,,,,,,,,
192,Cho một khởi đầu mới,Nhiều Tác Giả,,,,,,,,
193,Lạc quan Việt Nam,Nhiều Tác Giả,,,,,,,,
194,Chuyện con mèo dạy hải âu bay,Luis Sepulveda,,,,,,,,
195,Cánh cửa thứ 4,Paul Halter,,,,,,,,
196,Dấu quê,Khế Iêm,,,,,,,,
197,Tôi ghét anh .. đồ du côn!,thuyuuki,,,,,,,,
198,Slow Step 2,ADACHI Mitsuru,,,,,,,,
199,Quên hôm qua sống cho ngày mai,"Tian Dayton, Ph.D",,,,,,,,
200,Con tàu băng,Fujiko F Fujio,,,,,,,,
201,Cuộc chiến của bầu trời,Akira Amano ,,,,,,,,
202,172 Hours on the moon (bản tiếng anh) ,Johan Harstad,,,,,,,,
203,Khám phá miền đất lạ,,,,,,,,,
204,Độc hành,,,,,,,,,
205,Nanh trắng,,,,,,,,,
206,Khi lỗi thuộc về những vì sao,,,,,,,,,
207,Những tấm lòng cao cả,,,,,,,,,
208,Hoa nở trong tuyết,,,,,,,,,
209,Trái tim sư tử,,,,,,,,,
210,Đảo mộng mơ,,,,,,,,,
211,Bí ẩn về con chó lúc nủa đêm,,,,,,,,,
212,Vùng đất chiến binh-Chính thần-Thần Sấm,,,,,,,,,
213,Máu lạnh,,,,,,,,,
214,Anh còn muốn lấy em nữa không chồng yêu,,,,,,,,,
215,Chuyện con mèo dạy hải âu bay,,,,,,,,,
216,Lịch sử văn minh Ấn Độ,,,,,,,,,
217,Đánh thức con phi thường trong bạn,Anthony Robbins,,,,,,,,
218,Bốn mùa cuộc sống - Châm ngôn ngày mới,Jim Rohn,,,,,,,,
219,Biến lạ thành quen,Vũ Quần Phương,,,,,,,,
220,Quốc gia khởi nghiệp,"Dan Senor, Saul Singer",,,,,,,,
221,Trên đường băng - Tony Buổi Sáng,Tony Morning,,,,,,,,
222,Người thông minh học tập như thế nào?,Ronald Gross,,,,,,,,
223,Hạnh phúc ở quanh ta,Nguyệt Hòa,,,,,,,,
224,Bí mật trị vì vương quốc đến quản lí công ty,Shedon Bowles – Richard Silvano – Susan Silvano,,,,,,,,
225,Nếu tôi biết được khi còn 20,Tina Seelig,,,,,,,,
226,Đúng việc,Giản Tư Trung,,,,,,,,
227,Đừng bao giờ đi ăn một mình,Keith Ferrazzi,,,,,,,,
228,Mỗi ngày tiết kiệm một giờ,Michael Heppell,,,,,,,,
229,Những quyết định thay đổi cuộc sống,Spencer Johnson,,,,,,,,
230,Lời hứa về một cây bút chì,Adam Braun,,,,,,,,
231,Khai sinh nhà đổi mới,Tony Wagner,,,,,,,,
232,Nói nhiều không bằng nói đúng,2.1/2 Bạn Tốt,,,,,,,,
233,KAIZEN TEIAN,Japan Human Relations Association,,,,,,,,
234,Cẩm nang nhà tự nhiên kinh tế,Robert H.Frank,,,,,,,,
235,Cái dũng của thánh nhân,Thu Giang Nguyễn Duy Cần,,,,,,,,
236,Cái dũng của thánh nhân,Thu Giang Nguyễn Duy Cần,,,,,,,,
237,Nghệ thuật dùng người,Trung Nghĩa,,,,,,,,
238,Nghệ thuật giao tiếp để thành công, Leil Lowndes,,,,,,,,
239,Đường đến thành công,Inamori Kazuo,,,,,,,,
240,Những kĩ năng thực hành xã hội cần thiết cho sinh viên,Nhiều tác giả,,,,,,,,
241,Trí tuệ thông thái,Eran Katz,,,,,,,,
242,Sinh viên! Bạn là Sư tử hay Thỏ,Nguyễn Đức ,,,,,,,,
243,Suối nguồn tư trẻ 2,Peter Kelder,,,,,,,,
244,Quản lí xuyên văn hóa,Charlene M. Solomon - Michael S. Schell,,,,,,,,
245,Đời thay đổi khi chúng ta thay đổi,Andrew Matthews,,,,,,,,
246,Phụng sự để dẫn đầu,James M. Strock,,,,,,,,
247,Biết ta đích thực là ai?,Alan Watts,,,,,,,,
248,7 loại hình thông minh,Thomas Armstrong,,,,,,,,
249,20 tuổi quyết định cuộc đời người đàn ông,Đỗ Bằng Trình,,,,,,,,
250,Cà phê cùng Tony,Tony Buổi Sáng,,,,,,,,
251,Nhà Giả Kim,Paulo Coelho,,,,,,,,
252,Trên đường băng,Tony Buổi Sáng,,,,,,,,
253,Khai sinh nhà đổi mới,Tony Wagner,,,,,,,,
254,Lối tư duy của người thông minh,Art Markman,,,,,,,,
255,Nhà Giả Kim,Paulo Coelho,,,,,,,,
256,Trên đường băng,Tony Buổi Sáng,,,,,,,,
257,Cà phê cùng Tony,Tony Buổi Sáng,,,,,,,,
258,Nhà Giả Kim,Paulo Coelho,,,,,,,,
259,Nhà Giả Kim,Paulo Coelho,,,,,,,,
260,Phong cách Mỹ,Gary Althen,,,,,,,,
261,Thuật Quản Lý Thời Gian,Brain Tracy,,,,,,,,
262,Cà phê cùng Tony,Tony Buổi Sáng,,,,,,,,
263,Tôi tài giỏi bạn cũng thế,Adam Khoo,,,,,,,,
264,Những giá trị sống cho tuổi trẻ,Diane Tillman,,,,,,,,
265,Dạy con làm giàu (Tập 10) - Trước khi bạn thôi việc,Robert T.Kiyosaki & Sharon L.Lechter,,,,,,,,
266,Dạy con làm giàu (Tập 3) - Hướng dẫn đầu tư,Robert T.Kiyosaki & Sharon L.Lechter,,,,,,,,
267,Dạy con làm giàu (Tập 5) - Để có sức mạnh về tài chính,Robert T.Kiyosaki & Sharon L.Lechter,,,,,,,,
268,Cảm nhận thế nào đời trao thế đó,,,,,,,,,
269,Dạy con làm giàu (Tập 2),,,,,,,,,
270,Dạy con làm giàu (Tập 1),,,,,,,,,
271,Người giỏi không bởi học nhiều,,,,,,,,,
272,Rèn luyện trí nhớ,,,,,,,,,
273,Nhân quả 3 đời,,,,,,,,,
274,Bằng tất cả tấm lòng,,,,,,,,,
275,Vui sống và làm việc,,,,,,,,,
276,Trọn nghề theo tính cách,,,,,,,,,
277,Thuật yêu đương,,,,,,,,,
278,Thọ tam quy ngũ giới,,,,,,,,,
279,Hướng dẫn Thiền tóm lược,,,,,,,,,
280,Người Phật tử cần biết (Tập 2),,,,,,,,,
281,Sống 10 điều lành,,,,,,,,,
282,Người Phật tử cần biết (Tập 1),,,,,,,,,
283,Bí quyết thành công dành cho bạn trẻ,,,,,,,,,
284,Làm thế nào để đọc sách hiệu quả,,,,,,,,,
285,"Mặc kệ nó, làm tới đi",,,,,,,,,
286,Đời thay đổi khi chúng ta thay đổi (Tập 3),,,,,,,,,
287,Đời thay đổi khi chúng ta thay đổi (Tập 5),,,,,,,,,
